gauge,gauge_id,bundesland,stream,receiving_water,distance_to_mouth,northing,easting,position_at_watercourse_official,pegelnullpunkt_m,height_system,timeseries_available,basin_area,drain_length,stream_length
boxberg,583200,sn,schwarzer_schoeps,spree,7.0,5695006.0,470415.0,7.8,118.94,nn,,353376156.5,10605.80615,39621.30378
hammerstadt_1,583302,sn,weisser_schoeps,schwarzer_schoeps,6.0,5693999.0,482477.0,7.9,135.67,nhn92,,20478618.24,2553.144461,7320.297865
holtendorf,583280,sn,weisser_schoeps,schwarzer_schoeps,49.0,5666974.0,494645.0,53.1,203.6,nhn92,,55116281.12,4188.562662,11069.50796
jaenkendorf_1,583251,sn,schwarzer_schoeps,spree,36.0,5677912.0,486869.0,40.2,160.92,nhn92,x,125031563.7,6308.627649,19189.332
quitzdorf_up,583265,sn,schwarzer_schoeps,spree,29.0,5681808.0,482373.0,32.7,151.2,nhn92,x,9399365.794,1729.714154,4927.705977
reichwalde_3,583223,sn,schwarzer_schoeps,spree,15.0,5691771.0,476055.0,16.6,131.56,nhn92,,263182242.2,9152.786984,34683.1091
saerichen,583290,sn,weisser_schoeps,schwarzer_schoeps,30.0,5680002.0,491976.0,32.6,169.37,nn,,138990621.8,6651.472695,22502.18583
schoeps,583235,sn,schwarzer_schoeps,spree,52.0,5667091.0,482498.0,55.2,195.92,nhn92,,41917171.71,3652.759252,9180.008707
sproitz,583271,sn,schwarzer_schoeps,spree,28.0,5682071.0,482330.0,32.4,150.17,nhn92,,759948.7237,491.8324834,1739.471001
